Feature,Weighted Importance
Kitchens in Units,4.292929292929293
Cell Coverage,4.178217821782178
Walkable Resort,4.126315789473685
Reliable Wifi,4.103092783505154
A/C,4.089108910891089
Common Room,4.0495049504950495
Near Grocery Store,3.8217821782178216
Picnic Area,3.6082474226804124
Banquet Area,3.5544554455445545
Swimming Pool,3.515463917525773
Laundry facilities,3.4742268041237114
1 Plane Transfer,3.4482758620689653
Near Restaurants,3.405940594059406
Town: <15min,3.1584158415841586
BBQ Facilities,3.1443298969072164
Mini mart,3.0618556701030926
AV Setup,3.020618556701031
National Parks,2.9896907216494846
Lake,2.9368421052631577
Playground,2.9072164948453607
Hiking,2.8969072164948453
Campfire Pits,2.881720430107527
Direct Flight,2.865979381443299
Town: walkable,2.8645833333333335
Low Tick Risk,2.8350515463917527
Low Mosquitos/Bugs,2.7422680412371134
Game Room,2.670103092783505
Low Heat/Humidity,2.515463917525773
Beach,2.515463917525773
Disabled Access,2.4574468085106385
Stage,2.442105263157895
Boating,2.381443298969072
City Attractions,2.257425742574257
Driveable from Home,2.168421052631579
Exclusively Ours,2.154639175257732
Limited Hills,2.1473684210526316
Museums,2.1237113402061856
Quiet Hours,2.020618556701031
Low Rain Averages,1.9896907216494846
Horse Riding,1.8453608247422681
Pet friendly,1.7835051546391754
Golf,1.7525773195876289
Tennis,1.711340206185567
Catered Meals,1.690721649484536
Shopping,1.6391752577319587
Spa,1.6082474226804124
EV Charging,1.5360824742268042
Theme Parks,1.4742268041237114
Lower Elevation,1.396039603960396
RV Parking,1.2164948453608246
Row 47,
