Feature,Average Importance
Kitchens in Units,4.303030303030303
Walkable Resort,4.15625
Cell Coverage,4.117647058823529
Reliable Wifi,4.0606060606060606
Common Room,4.0
A/C,4.0
Near Grocery Store,3.676470588235294
Picnic Area,3.4545454545454546
Banquet Area,3.4411764705882355
1 Plane Transfer,3.4193548387096775
Swimming Pool,3.393939393939394
Near Restaurants,3.323529411764706
Laundry facilities,3.272727272727273
Town: <15min,3.0588235294117645
National Parks,3.0
Hiking,3.0
AV Setup,2.909090909090909
BBQ Facilities,2.909090909090909
Mini mart,2.909090909090909
Lake,2.84375
Low Tick Risk,2.787878787878788
Direct Flight,2.787878787878788
Town: walkable,2.71875
Low Mosquitos/Bugs,2.696969696969697
Campfire Pits,2.65625
Playground,2.5757575757575757
Low Heat/Humidity,2.5454545454545454
Game Room,2.5454545454545454
Beach,2.484848484848485
Disabled Access,2.34375
Stage,2.21875
Exclusively Ours,2.1818181818181817
Boating,2.1818181818181817
Museums,2.1818181818181817
City Attractions,2.176470588235294
Quiet Hours,2.1515151515151514
Limited Hills,2.0
Driveable from Home,2.0
Low Rain Averages,1.9393939393939394
Catered Meals,1.8484848484848484
Golf,1.8484848484848484
Horse Riding,1.7575757575757576
Spa,1.7272727272727273
Tennis,1.696969696969697
Shopping,1.5757575757575757
Theme Parks,1.4848484848484849
Pet friendly,1.4848484848484849
EV Charging,1.4545454545454546
Lower Elevation,1.3529411764705883
RV Parking,1.2121212121212122
Row 47,
