Destination,State,Property Type
Poconos, Pennsylvania,Woodloch Pines Resort
Poconos, Pennsylvania,Skytop Lodge
Poconos, Pennsylvania,Kalahari Resorts & Conventions Poconos
Poconos, Pennsylvania,Camelback Resort
Poconos, Pennsylvania,Shawnee Inn & Golf Resort
Poconos, Pennsylvania,Pocono Mountain Villas by Exploria Resorts
Poconos, Pennsylvania,Mountain Springs Lake Resort
Poconos, Pennsylvania,Magnolia Streamside Resort
Poconos, Pennsylvania,Hilltop Castle World
Hershey / Lancaster, Pennsylvania,Hershey Lodge
Hershey / Lancaster, Pennsylvania,The Hotel Hershey
Hershey / Lancaster, Pennsylvania,Hershey Farm Resort
Hershey / Lancaster, Pennsylvania,Lancaster Marriott at Penn Square
Hershey / Lancaster, Pennsylvania,Hersheypark Camping Resort
Hershey / Lancaster, Pennsylvania,The Suites at Hershey
Hershey / Lancaster, Pennsylvania,Eden Resort & Suites
Hershey / Lancaster, Pennsylvania,The Inn at Leola Village
Hershey / Lancaster, Pennsylvania,The Villas at The Hotel Hershey
Wisconsin Dells, Wisconsin,Cedar Lodge & Settlement
Wisconsin Dells, Wisconsin,Spring Brook Resort
Delavan / Lake Geneva, Wisconsin,Lake Lawn Resort
Lake Geneva, Wisconsin,Timber Ridge Lodge
Lake Geneva, Wisconsin,Grand Geneva Resort & Spa
Wisconsin Dells, Wisconsin,Chula Vista Resort
Wisconsin Dells, Wisconsin,Kalahari Resorts Wisconsin Dells
Fontana / Lake Geneva, Wisconsin,The Abbey Resort & Avani Spa
Lake Geneva, Wisconsin,The Cove of Lake Geneva
Elkhart Lake, Wisconsin,The Osthoff Resort
Galena, Illinois,Eagle Ridge Resort & Spa
Asheville / Western North Carolina,Lake Junaluska,Conference Center / Lake Retreat
Asheville / Black Mountain, North Carolina,YMCA Blue Ridge Assembly
Asheville / Hendersonville, North Carolina,Horse Shoe Farm
Asheville / Canton, North Carolina,Lake Logan Conference Center
Asheville / Brevard, North Carolina,Deerwoode Reserve
Asheville, North Carolina,The Omni Grove Park Inn
Asheville, North Carolina,The Foundry Hotel Asheville
Cashiers / Highlands, North Carolina,High Hampton Resort
Greenville / Upstate South Carolina,Lake Keowee / Jocassee Rental Cluster,Rental Cluster Strategy
Greenville, South Carolina,Greenville Hotel / Downtown Strategy
Chattanooga, Tennessee,Chattanooga Hotel / Cabin Cluster Strategy
Branson / Table Rock Lake, Missouri,Big Cedar Lodge
Branson / Table Rock Lake, Missouri,WaterMill Cove Resort
Branson / Table Rock Lake, Missouri,Thousand Hills Reunion Lodges
Branson / Table Rock Lake, Missouri,Bar M Resort & Campground
Branson / Table Rock Lake, Missouri,Branson Multi-Home Strategy
Massanutten / Shenandoah Valley, Virginia,Massanutten Resort
Massanutten / Shenandoah Valley, Virginia,Wintergreen Resort
Massanutten / Shenandoah Valley, Virginia,Shenandoah Cabin Compound Strategy
Finger Lakes, New York,Greek Peak Mountain Resort
Finger Lakes, New York,Inns of Aurora Resort & Spa
Finger Lakes, New York,Finger Lakes Premier Properties Cluster
Finger Lakes, New York,Tenwood Lodge Family Retreat
Finger Lakes, New York,Vanderkamp
Lake George / Adirondacks, New York,Silver Bay YMCA
Lake George / Adirondacks, New York,Lodges at Cresthaven
Lake George / Adirondacks, New York,Garnet Hill Lodge
Lake George / Adirondacks, New York,Fort William Henry Hotel
Lake George / Adirondacks, New York,The Sagamore Resort
Lake Placid / Adirondack High Peaks, New York,Mirror Lake Inn
Lake Placid / Adirondack High Peaks, New York,Whiteface Lodge
Lake Placid / Adirondack High Peaks, New York,Lake Clear Lodge
Lake Placid / Adirondack High Peaks, New York,Lake Placid Lodge
Berkshires, Massachusetts,Jiminy Peak Mountain Resort
Berkshires, Massachusetts,Vacation Village in the Berkshires
Berkshires, Massachusetts,Berkshire Hills Eisenberg Camp
Door County, Wisconsin,Gordon Lodge
Door County, Wisconsin,Baileys Harbor Yacht Club Resort
Door County, Wisconsin,Westwood Shores Waterfront Resort
Door County, Wisconsin,Newport Resort
Door County, Wisconsin,The Little Harbor
Traverse City / Leelanau Peninsula, Michigan,Fountain Point Resort
Traverse City / Northern Michigan, Michigan,Crystal Mountain
Traverse City / Leelanau Peninsula, Michigan,Sleeping Bear Resort
Traverse City / Leelanau Peninsula, Michigan,Grand Traverse Resort Area
Traverse City / Leelanau Peninsula, Michigan,Large Private Compound Rental Strategy
Petoskey / Charlevoix, Michigan,Inn at Bay Harbor
Petoskey / Charlevoix, Michigan,Lake Charlevoix Private Compound Strategy
Petoskey / Charlevoix, Michigan,Pointes North Inn
Petoskey / Charlevoix, Michigan,Odawa Casino Resort
Petoskey / Charlevoix, Michigan,Castle Farms + Lodging Mix
Mackinac Island / Northern Michigan,Boyne Mountain Resort,Mountain Resort
Mackinac Island / Northern Michigan,Grand Hotel,Historic Hotel
Mackinac Island / Northern Michigan,Mission Point Resort,Resort
Mackinac Island / Northern Michigan,Shanty Creek Resort,Mountain Resort
Frankenmuth / Michigan,Bavarian Inn Lodge,Family Hotel
Duluth / North Shore, Minnesota,Grand Superior Lodge
Duluth / North Shore, Minnesota,Superior Shores Resort
Duluth / North Shore, Minnesota,Larsmont Cottages
Duluth / North Shore, Minnesota,Bluefin Bay
Duluth / North Shore, Minnesota,Cascade Lodge
Hocking Hills, Ohio,Hocking Hills Lodge & Conference Center
Hocking Hills, Ohio,Bourbon Ridge Retreat
Hocking Hills, Ohio,Hocking Hills Cabins & Resort
Hocking Hills, Ohio,Cherry Ridge Retreat
Black Hills, South Dakota,Custer State Park Resort
Black Hills, South Dakota,Canyon Lake Resort
Black Hills, South Dakota,Mt. Rushmore Resort at Palmer Gulch
Black Hills, South Dakota,Elk Creek Resort
Black Hills, South Dakota,Mickelson Trail Lodging
Smoky Mountains, Tennessee,Gatlinburg Lodge / Giant Reunion Lodge Concept
Smoky Mountains, Tennessee,Dollywood's DreamMore Resort
Smoky Mountains, Tennessee,Hearthside / Large Cabin Clusters
Smoky Mountains, Tennessee,Smith Creek Resort
Smoky Mountains, Tennessee,Wilderness at the Smokies
Sunriver / Bend, Oregon,Sunriver Resort
Sunriver / Bend, Oregon,Caldera Springs
Sunriver / Bend, Oregon,Brasada Ranch
Sunriver / Bend, Oregon,Pronghorn Resort
Sunriver / Bend, Oregon,Tetherow Resort
Coeur d'Alene, Idaho,Camp Lutherhaven
Coeur d'Alene, Idaho,The Coeur d'Alene Resort
Coeur d'Alene, Idaho,Twinlow Retreat Center
Coeur d'Alene, Idaho,One Lakeside
Coeur d'Alene, Idaho,Coeur d'Alene Casino Resort
Whitefish / Flathead Lake / Glacier, Montana,Flathead Lake Lodge
Whitefish / Flathead Lake / Glacier, Montana,The Lodge at Whitefish Lake
Whitefish / Flathead Lake / Glacier, Montana,North Forty Resort
Whitefish / Flathead Lake / Glacier, Montana,Haymoon Resort
Lake Tahoe, California/Nevada,Zephyr Point Conference Center
Lake Tahoe, California/Nevada,Granlibakken Tahoe
Lake Tahoe, California/Nevada,Stanford Sierra Conference Center
Lake Tahoe, California/Nevada,Zephyr Cove Resort
Lake Tahoe, California/Nevada,Lake Tahoe Large Vacation Home Compound Strategy
Jackson Hole / Grand Teton, Wyoming,Teton Springs Lodge & Spa
Jackson Hole / Grand Teton, Wyoming,Moose Creek Ranch
Jackson Hole / Grand Teton, Wyoming,Red Rock Ranch
Jackson Hole / Grand Teton, Wyoming,Jackson Lake Lodge
Jackson Hole / Grand Teton, Wyoming,Fireside Resort
Missoula / Bitterroot Valley, Montana,The Ranch at Rock Creek
Missoula / Bitterroot Valley, Montana,Resort at Paws Up
Missoula / Bitterroot Valley, Montana,Rich Ranch
Missoula / Bitterroot Valley, Montana,Fairmont Hot Springs Resort
Missoula / Bitterroot Valley, Montana,Bitterroot Valley Cabin Compound
Big Sky, Montana,Big Sky Resort
Big Sky, Montana,Huntley Lodge
Big Sky / Bozeman, Montana,Lone Mountain Ranch
Big Sky, Montana,The Wilson Hotel
Big Sky, Montana,Moonlight Basin Home Cluster
Park City, Utah,Grand Summit Hotel
Park City, Utah,Westgate Park City Resort & Spa
Park City, Utah,Weedon Ranch
Park City, Utah,Silver Springs Lodge
Steamboat Springs, Colorado,Steamboat Grand
Estes Park / Rocky Mountain National Park, Colorado,YMCA of the Rockies - Estes Park Center
Estes Park / Rocky Mountain National Park, Colorado,The Stanley Hotel
Estes Park / Rocky Mountain National Park, Colorado,Holiday Inn Estes Park
Estes Park / Rocky Mountain National Park, Colorado,The Ridgeline Hotel Estes Park
Estes Park / Rocky Mountain National Park, Colorado,Estes Park Private Cabin Village Buyout
Colorado Springs / Garden of the Gods, Colorado,The Broadmoor
Colorado Springs / Garden of the Gods, Colorado,Cheyenne Mountain Resort
Colorado Springs / Garden of the Gods, Colorado,Garden of the Gods Resort and Club
Breckenridge / Frisco / Dillon, Colorado,Beaver Run Resort & Conference Center
Breckenridge / Frisco / Dillon, Colorado,Grand Lodge on Peak 7
Breckenridge / Frisco / Dillon, Colorado,Grand Colorado on Peak 8
Breckenridge / Frisco / Dillon, Colorado,High Country Lodge
Santa Fe / Taos, New Mexico,Bishop's Lodge
Santa Fe / Taos, New Mexico,Ghost Ranch
Santa Fe / Taos, New Mexico,The Blake at Taos Ski Valley
Santa Fe / Taos, New Mexico,Taos Large Vacation Rental Cluster
Santa Fe / Taos, New Mexico,Bishop's Ridge Retreat Center
Telluride, Colorado,Mountain Lodge Telluride
Telluride, Colorado,Madeline Hotel & Residences
Telluride, Colorado,Lumière with Inspirato
Telluride, Colorado,Mountain Village Vacation Home Cluster
Durango / Purgatory, Colorado,Purgatory Resort Village
Durango / Purgatory, Colorado,Large Vacation Home Clusters Near Purgatory
Durango / Purgatory, Colorado,Black Diamond Lodge Area
Leavenworth, Washington,Sleeping Lady Mountain Resort & Spa
Leavenworth, Washington,Icicle Village Resort
Leavenworth, Washington,Mountain Springs Lodge
McCall / Payette Lake, Idaho,Shore Lodge
McCall / Payette Lake, Idaho,Pilgrim Cove Camp
McCall / Payette Lake, Idaho,Bear Creek Lodge
McCall / Payette Lake, Idaho,Broken Ridge Ranch
McCall / Payette Lake, Idaho,The Gathering Place
Sandpoint / Lake Pend Oreille / Schweitzer, Idaho,Schweitzer
Sandpoint / Lake Pend Oreille / Schweitzer, Idaho,Sandpoint Waterfront Resort / Condo Cluster
Sandpoint / Lake Pend Oreille / Schweitzer, Idaho,Large Private Estate / Multi-Cabin Buyout
Wallowa Lake / Joseph, Oregon,Eagle Cap Chalets
Wallowa Lake / Joseph, Oregon,Wallowa Lake Lodge
Wallowa Lake / Joseph, Oregon,Wallowa Lake Resort
Wallowa Lake / Joseph, Oregon,Wallowa Lake Camp & Retreat Center
Sedona, Arizona,Enchantment Resort
Sedona, Arizona,Poco Diablo Resort
Sedona, Arizona,Sedona Nearby Vacation Homes
Moab, Utah,Slick Rock Lodge
Moab, Utah,Whispering Oaks Ranch
Moab, Utah,Desert Vista Retreat
Hood River / Columbia Gorge, Oregon/Washington,Skamania Lodge
Hood River / Columbia Gorge, Oregon/Washington,Hood River Inn
Hood River / Columbia Gorge, Oregon/Washington,Columbia Gorge Hotel & Spa
Lake Chelan, Washington,Campbell's Resort
Lake Chelan, Washington,Lakeside Lodge and Suites
Lake Chelan, Washington,Lake Chelan Large Luxury Vacation Home Portfolio
Bozeman / Gallatin Valley, Montana,Large Private Ranch Estates
Bozeman / Big Sky, Montana,Lone Mountain Ranch
Bozeman / Big Sky, Montana,320 Guest Ranch
Bozeman / Gallatin Valley, Montana,Gallatin River Lodge
Stowe, Vermont,von Trapp Family Lodge & Resort
Stowe, Vermont,The Lodge at Spruce Peak
Stowe, Vermont,Topnotch Resort
Stowe, Vermont,Edson Hill
Sebago Lake / Southern Maine,Migis Lodge,Lake Lodge / Resort
Sebago Lake / Southern Maine,Point Sebago Resort,Lake Resort / Campground
Moosehead Lake, Maine,Moosehead Lake Resort / Lodge Strategy
Bethel, Maine,Sunday River / Bethel Resort Strategy
