Destination,Property Name,Property Type,Website,Status,Research Date,Notes,Max Guests,Sleeping Capacity,Number of Units,Largest Gathering Space Capacity,Private Buyout Possible (Y/N),Can Reserve 1 Year In Advance,Multi-Generational Friendly (1-5),ADA Accessibility (1-5),Estimated Reunion Cost,Cost Per Family,Cost Score (1-10),Includes Meals (Y/N),Additional Fees,Value Score (1-10),Nearest Airport,Airport Drive Time (min),Direct Flights from NYC (1-5),Direct Flights from ATL/Southeast (1-5),Direct Flights from Midwest (1-5),Direct Flights from West Coast (1-5),Travel Convenience Score (1-10),On-Site Activities Count,Swimming (Y/N),Water Sports (Y/N),Hiking (Y/N),Kids Programs (Y/N),Teen Activities (Y/N),Adult Activities (Y/N),Indoor Backup Activities (Y/N),Activity Score (1-10),Exclusive Gathering Areas (1-5),Group Dining Options (1-5),Reunion Programming Support (1-5),Campfire/Event Spaces (1-5),Privacy Score (1-10),Reunion Suitability Score (1-10),Scenic Quality (1-10),Water Access (1-5),Mountain Access (1-5),Wildlife Viewing (1-5),Nearby National Park (Y/N),Signature Attraction,Beauty Score (1-10),Typical July High,Typical July Low,Humidity Score (1-10),Weather Reliability Score (1-10),Ages 3-8 Score,Ages 9-13 Score,Teen Score,Overall Kid Appeal (1-10),Outdoor Recreation Score,Relaxation Score,Food & Beverage Score,Nearby Town Appeal Score,Adult Appeal Score (1-10),Cell Service,WiFi Quality,Medical Facility Distance,Grocery Distance,Logistics Score (1-10),Overall Weighted Score,Final Rank
Poconos, Pennsylvania,Woodloch Pines Resort,Resort,,Finalist Candidate,2026-05-23,Top Poconos candidate / finalist-tier family resort.,,,,,,Likely; verify,,,,,,,,,AVP / EWR,60-150,,,,,,Y,Y,Y,Y,,Y,Y,,,,,,,,,,,,Pocono Mountains,,,,,,,,,,,,,,,,,,
Poconos, Pennsylvania,Skytop Lodge,Lodge/Resort,,Candidate,2026-05-23,Large classic Poconos lodge option.,,,,,,Likely; verify,,,,,,,,,AVP / EWR,60-150,,,,,,Y,Y,Y,Y,,Y,Y,,,,,,,,,,,,Pocono Mountains,,,,,,,,,,,,,,,,,,
Poconos, Pennsylvania,Kalahari Resorts & Conventions Poconos,Waterpark Resort,,Candidate,2026-05-23,Large indoor waterpark/convention resort.,,,,,,Likely; verify,,,,,,,,,AVP / EWR,60-150,,,,,,Y,,Y,,,Y,Y,,,,,,,,,,,,Pocono Mountains,,,,,,,,,,,,,,,,,,
Poconos, Pennsylvania,Camelback Resort,Resort,,Candidate,2026-05-23,Large resort/waterpark/ski option.,,,,,,Likely; verify,,,,,,,,,AVP / EWR,60-150,,,,,,Y,,Y,Y,,Y,Y,,,,,,,,,,,,Pocono Mountains,,,,,,,,,,,,,,,,,,
Poconos, Pennsylvania,Shawnee Inn & Golf Resort,Resort,,Candidate,2026-05-23,River/golf resort considered in Poconos set.,,,,,,Likely; verify,,,,,,,,,AVP / EWR,60-150,,,,,,Y,Y,Y,,,Y,Y,,,,,,,,,,,,Pocono Mountains,,,,,,,,,,,,,,,,,,
Poconos, Pennsylvania,Pocono Mountain Villas by Exploria Resorts,Villa Resort,,Candidate,2026-05-23,Villa-style Poconos lodging considered in early research.,,,,,,Likely; verify,,,,,,,,,AVP / EWR,60-150,,,,,,,,Y,,,,,,,,,,,,,,,Pocono Mountains,,,,,,,,,,,,,,,,,,
Poconos, Pennsylvania,Mountain Springs Lake Resort,Cabin/Lake Resort,,Candidate,2026-05-23,Cabin/lake resort considered in early Poconos shortlist.,,,,,,Likely; verify,,,,,,,,,AVP / EWR,60-150,,,,,,Y,Y,Y,,,,,,,,,,,,,,Pocono Mountains,,,,,,,,,,,,,,,,,,
Poconos, Pennsylvania,Magnolia Streamside Resort,Cabin Resort,,Candidate,2026-05-23,Smaller streamside cabin resort considered in early Poconos shortlist.,,,,,,Likely; verify,,,,,,,,,AVP / EWR,60-150,,,,,,Y,Y,Y,,,,,,,,,,,,,,Pocono Mountains,,,,,,,,,,,,,,,,,,
Poconos, Pennsylvania,Hilltop Castle World,Vacation Rental,,Candidate,2026-05-23,Novelty large-house/private rental concept.,,,,,,,,,,,,,,,,AVP / EWR,60-150,,,,,,Y,,,,,,,,,,,,,,,,Pocono Mountains,,,,,,,,,,,,,,,,,,
Hershey / Lancaster, Pennsylvania,Hershey Lodge,Resort,,Finalist Candidate,2026-05-23,Top Hershey/Lancaster candidate; large family-oriented resort.,,,,,,Likely; verify,,,,,,,,,MDT,20-50,,,,,,Y,,,,,,Y,,,,,,,,,,,,Hersheypark / Lancaster County,,,,,,,,,,,,,,,,,,
Hershey / Lancaster, Pennsylvania,The Hotel Hershey,Resort,,Candidate,2026-05-23,Historic luxury Hershey resort; higher-cost tier.,,,,,,Likely; verify,,,,,,,,,MDT,20-50,,,,,,Y,,,,,,Y,,,,,,,,,,,,Hersheypark / Lancaster County,,,,,,,,,,,,,,,,,,
Hershey / Lancaster, Pennsylvania,Hershey Farm Resort,Resort/Inn,,Finalist Candidate,2026-05-23,Top-tier Hershey/Lancaster candidate in prior ranking.,,,,,,Likely; verify,,,,,,,,,MDT,20-50,,,,,,,,,,,,,,,,,,,,,Hersheypark / Lancaster County,,,,,,,,,,,,,,,,,,
Hershey / Lancaster, Pennsylvania,Lancaster Marriott at Penn Square,Hotel,,Candidate,2026-05-23,Downtown hotel/convention option; less cabin-like.,,,,,,Likely; verify,,,,,,,,,MDT,20-50,,,,,,,,,,,,Y,,,,,,,,,,,,Hersheypark / Lancaster County,,,,,,,,,,,,,,,,,,
Hershey / Lancaster, Pennsylvania,Hersheypark Camping Resort,Campground/Cabins,,Candidate,2026-05-23,Cabin/RV/campground option near Hershey attractions.,,,,,,,,,,,,,,,,MDT,20-50,,,,,,Y,,,,,,,,,,,,,,,,Hersheypark / Lancaster County,,,,,,,,,,,,,,,,,,
Hershey / Lancaster, Pennsylvania,The Suites at Hershey,Condo Resort,,Finalist Candidate,2026-05-23,Early Hershey-area serious contender; suite/condo format.,,,,,,Likely; verify,,,,,,,,,MDT,20-50,,,,,,Y,,,,,,,,,,,,,,,,Hersheypark / Lancaster County,,,,,,,,,,,,,,,,,,
Hershey / Lancaster, Pennsylvania,Eden Resort & Suites,Hotel/Resort,,Candidate,2026-05-23,Lancaster suite/resort option considered.,,,,,,Likely; verify,,,,,,,,,MDT,20-50,,,,,,Y,,,,,,Y,,,,,,,,,,,,Hersheypark / Lancaster County,,,,,,,,,,,,,,,,,,
Hershey / Lancaster, Pennsylvania,The Inn at Leola Village,Inn/Resort,,Candidate,2026-05-23,Lancaster County boutique inn option considered.,,,,,,Likely; verify,,,,,,,,,MDT,20-50,,,,,,Y,,,,,,Y,,,,,,,,,,,,Hersheypark / Lancaster County,,,,,,,,,,,,,,,,,,
Hershey / Lancaster, Pennsylvania,The Villas at The Hotel Hershey,Villa Resort,,Candidate,2026-05-23,Villa-style Hershey lodging option.,,,,,,Likely; verify,,,,,,,,,MDT,20-50,,,,,,Y,,,,,,Y,,,,,,,,,,,,Hersheypark / Lancaster County,,,,,,,,,,,,,,,,,,
Wisconsin Dells, Wisconsin,Cedar Lodge & Settlement,Cabins/Villas,,Finalist Candidate,2026-05-23,Top Wisconsin Dells/Lake Geneva candidate in one ranking.,,,,,,,,,,,,,,,,MSN,55,,,,,,Y,Y,,,Y,,,,,,,,,,,,,Wisconsin lake country / Dells,,,,,,,,,,,,,,,,,,
Wisconsin Dells, Wisconsin,Spring Brook Resort,Resort/Villas,,Finalist Candidate,2026-05-23,Top candidate in a Dells/Lake Geneva ranking; villa/community format.,,,,,,Likely; verify,,,,,,,,,MSN,60,,,,,,Y,,,,,,Y,,,,,,,,,,,,Wisconsin lake country / Dells,,,,,,,,,,,,,,,,,,
Delavan / Lake Geneva, Wisconsin,Lake Lawn Resort,Lake Resort,,Candidate,2026-05-23,Large lake resort candidate.,,,,,,Likely; verify,,,,,,,,,MKE / ORD,55-90,,,,,,Y,Y,Y,,,Y,,,,,,,,,,,,Wisconsin lake country / Dells,,,,,,,,,,,,,,,,,,
Lake Geneva, Wisconsin,Timber Ridge Lodge,Waterpark Resort,,Candidate,2026-05-23,Family waterpark/suite resort candidate.,,,,,,Likely; verify,,,,,,,,,MKE / ORD,50-80,,,,,,Y,,Y,,,Y,,,,,,,,,,,,Wisconsin lake country / Dells,,,,,,,,,,,,,,,,,,
Lake Geneva, Wisconsin,Grand Geneva Resort & Spa,Resort,,Finalist Candidate,2026-05-23,Large resort; Lake Geneva finalist candidate set.,,,,,,Likely; verify,,,,,,,,,MKE / ORD,50-80,,,,,,Y,,Y,,,Y,,,,,,,,,,,,Wisconsin lake country / Dells,,,,,,,,,,,,,,,,,,
Wisconsin Dells, Wisconsin,Chula Vista Resort,Waterpark Resort,,Candidate,2026-05-23,Large Dells resort/convention property.,,,,,,Likely; verify,,,,,,,,,MSN,60,,,,,,Y,,Y,,,Y,,,,,,,,,,,,Wisconsin lake country / Dells,,,,,,,,,,,,,,,,,,
Wisconsin Dells, Wisconsin,Kalahari Resorts Wisconsin Dells,Waterpark Resort,,Candidate,2026-05-23,Large indoor waterpark/convention resort.,,,,,,Likely; verify,,,,,,,,,MSN,60,,,,,,Y,,Y,,,Y,,,,,,,,,,,,Wisconsin lake country / Dells,,,,,,,,,,,,,,,,,,
Fontana / Lake Geneva, Wisconsin,The Abbey Resort & Avani Spa,Lake Resort,,Candidate,2026-05-23,Lake Geneva resort option.,,,,,,Likely; verify,,,,,,,,,MKE / ORD,60-90,,,,,,Y,Y,Y,,,Y,,,,,,,,,,,,Wisconsin lake country / Dells,,,,,,,,,,,,,,,,,,
Lake Geneva, Wisconsin,The Cove of Lake Geneva,Suite Hotel,,Candidate,2026-05-23,Lake Geneva suite lodging option.,,,,,,Likely; verify,,,,,,,,,MKE / ORD,55-80,,,,,,Y,Y,,,,Y,,,,,,,,,,,,Wisconsin lake country / Dells,,,,,,,,,,,,,,,,,,
Elkhart Lake, Wisconsin,The Osthoff Resort,Lake Resort,,Finalist Candidate,2026-05-23,Elkhart Lake/Osthoff early strong-supported candidate.,,,,,,Likely; verify,,,,,,,,,MKE,65,,,,,,Y,Y,Y,,,Y,,,,,,,,,,,,Wisconsin lake country / Dells,,,,,,,,,,,,,,,,,,
Galena, Illinois,Eagle Ridge Resort & Spa,Resort,,Candidate,2026-05-23,Early Great Lakes/Midwest shortlist property.,,,,,,Likely; verify,,,,,,,,,DBQ / ORD,35-150,,,,,,Y,Y,,,,Y,,,,,,,,,,,,Wisconsin lake country / Dells,,,,,,,,,,,,,,,,,,
Asheville / Western North Carolina,Lake Junaluska,Conference Center / Lake Retreat,,Candidate,2026-05-23,Asheville #1 in prior ranking.,,,,,,Likely; verify,,,,,,,,,AVL,35,,,,,,Y,Y,Y,,,Y,,,,,,,,,,,,Blue Ridge / Appalachians,,,,,,,,,,,,,,,,,,
Asheville / Black Mountain, North Carolina,YMCA Blue Ridge Assembly,Conference Center,,Candidate,2026-05-23,Asheville #2; camp/conference-style option.,,,,,,Likely; verify,,,,,,,,,AVL,25,,,,,,Y,,Y,,,Y,,,,,,,,,,,,Blue Ridge / Appalachians,,,,,,,,,,,,,,,,,,
Asheville / Hendersonville, North Carolina,Horse Shoe Farm,Farm Resort,,Candidate,2026-05-23,Asheville #3; rural retreat option.,,,,,,Likely; verify,,,,,,,,,AVL,15,,,,,,Y,Y,Y,,,Y,,,,,,,,,,,,Blue Ridge / Appalachians,,,,,,,,,,,,,,,,,,
Asheville / Canton, North Carolina,Lake Logan Conference Center,Conference Center,,Candidate,2026-05-23,Asheville #4; lake retreat option.,,,,,,Likely; verify,,,,,,,,,AVL,45,,,,,,,,Y,Y,,Y,,,,,,,,,,,,Blue Ridge / Appalachians,,,,,,,,,,,,,,,,,,
Asheville / Brevard, North Carolina,Deerwoode Reserve,Cabin / Event Property,,Candidate,2026-05-23,Asheville #5; private nature/cabin retreat.,,,,,,,,,,,,,,,,AVL,30,,,,,,,,Y,Y,,,,,,,,,,,,,,Blue Ridge / Appalachians,,,,,,,,,,,,,,,,,,
Asheville, North Carolina,The Omni Grove Park Inn,Resort,,Candidate,2026-05-23,Large Asheville resort option.,,,,,,Likely; verify,,,,,,,,,AVL,20,,,,,,Y,,,,,,Y,,,,,,,,,,,,Blue Ridge / Appalachians,,,,,,,,,,,,,,,,,,
Asheville, North Carolina,The Foundry Hotel Asheville,Hotel,,Candidate,2026-05-23,Downtown Asheville hotel option; less reunion-campus-like.,,,,,,Likely; verify,,,,,,,,,AVL,20,,,,,,,,,,,,Y,,,,,,,,,,,,Blue Ridge / Appalachians,,,,,,,,,,,,,,,,,,
Cashiers / Highlands, North Carolina,High Hampton Resort,Resort,,Candidate,2026-05-23,Mentioned as Asheville-area / NC mountain resort option.,,,,,,Likely; verify,,,,,,,,,AVL / GSP,75-90,,,,,,Y,Y,Y,,,Y,,,,,,,,,,,,Blue Ridge / Appalachians,,,,,,,,,,,,,,,,,,
Greenville / Upstate South Carolina,Lake Keowee / Jocassee Rental Cluster,Rental Cluster Strategy,,Candidate,2026-05-23,Greenville-area lake strategy rather than single resort.,,,,,,Varies; verify,,,,,,,,,GSP,45-75,,,,,,,,Y,Y,,,,,,,,,,,,,,Blue Ridge / Appalachians,,,,,,,,,,,,,,,,,,
Greenville, South Carolina,Greenville Hotel / Downtown Strategy,Hotel Cluster Strategy,,Candidate,2026-05-23,Greenville was researched as a weaker/urban option.,,,,,,Likely; verify,,,,,,,,,GSP,20,,,,,,,,,,,,Y,,,,,,,,,,,,Blue Ridge / Appalachians,,,,,,,,,,,,,,,,,,
Chattanooga, Tennessee,Chattanooga Hotel / Cabin Cluster Strategy,Mixed Lodging Strategy,,Candidate,2026-05-24,Chattanooga researched late; objective property detail not recovered.,,,,,,Varies; verify,,,,,,,,,CHA / ATL,20-120,,,,,,,,Y,Y,,,,,,,,,,,,,,Blue Ridge / Appalachians,,,,,,,,,,,,,,,,,,
Branson / Table Rock Lake, Missouri,Big Cedar Lodge,Resort,,Candidate,2026-05-23,Branson #1 candidate.,,,,,,Likely; verify,,,,,,,,,BKG / SGF,20-60,,,,,,Y,Y,Y,Y,,Y,Y,,,,,,,,,,,,Table Rock Lake / Silver Dollar City,,,,,,,,,,,,,,,,,,
Branson / Table Rock Lake, Missouri,WaterMill Cove Resort,Lake Resort / Villas,,Candidate,2026-05-23,Branson #2; lakefront villa/cabin resort.,,,,,,Likely; verify,,,,,,,,,BKG / SGF,20-60,,,,,,Y,Y,,Y,,,,,,,,,,,,,,Table Rock Lake / Silver Dollar City,,,,,,,,,,,,,,,,,,
Branson / Table Rock Lake, Missouri,Thousand Hills Reunion Lodges,Large Lodges,,Candidate,2026-05-23,Branson #3; large reunion lodge format.,,,,,,Likely; verify,,,,,,,,,BKG / SGF,20-60,,,,,,,,,,,,,,,,,,,,,Table Rock Lake / Silver Dollar City,,,,,,,,,,,,,,,,,,
Branson / Table Rock Lake, Missouri,Bar M Resort & Campground,Resort/Campground,,Candidate,2026-05-23,Branson #4; campground/resort option.,,,,,,Likely; verify,,,,,,,,,BKG / SGF,20-60,,,,,,Y,Y,,,,,,,,,,,,,,,Table Rock Lake / Silver Dollar City,,,,,,,,,,,,,,,,,,
Branson / Table Rock Lake, Missouri,Branson Multi-Home Strategy,Rental Cluster Strategy,,Candidate,2026-05-23,Branson #5; multiple homes near Table Rock Lake.,,,,,,Varies; verify,,,,,,,,,BKG / SGF,20-60,,,,,,,,,,,,,,,,,,,,,Table Rock Lake / Silver Dollar City,,,,,,,,,,,,,,,,,,
Massanutten / Shenandoah Valley, Virginia,Massanutten Resort,Resort,,Finalist,2026-05-23,Massanutten/Shenandoah #1 and current finalist-tier leader.,,,,,,Likely; verify,,,,,,,,,SHD / IAD,30-120,,,,,,Y,Y,Y,Y,,Y,Y,,,,,,,,,Y,Shenandoah National Park,,,,,,,,,,,,,,,,,,
Massanutten / Shenandoah Valley, Virginia,Wintergreen Resort,Mountain Resort,,Candidate,2026-05-23,Shenandoah/Blue Ridge alternative resort.,,,,,,Likely; verify,,,,,,,,,CHO / RIC,75-120,,,,,,Y,,Y,Y,,Y,Y,,,,,,,,,Y,Shenandoah National Park,,,,,,,,,,,,,,,,,,
Massanutten / Shenandoah Valley, Virginia,Shenandoah Cabin Compound Strategy,Rental Cluster Strategy,,Candidate,2026-05-23,Cabin-compound strategy considered for area.,,,,,,Varies; verify,,,,,,,,,IAD / SHD,90-120,,,,,,,,Y,,,,,,,,,,,,Y,Shenandoah National Park,,,,,,,,,,,,,,,,,,
Finger Lakes, New York,Greek Peak Mountain Resort,Mountain Resort,,Finalist Candidate,2026-05-23,Finger Lakes #1; current finalist-tier.,,,,,,Likely; verify,,,,,,,,,ITH / SYR,30-50,,,,,,Y,,Y,,,Y,,,,,,,,,,,,Finger Lakes wine/lake region,,,,,,,,,,,,,,,,,,
Finger Lakes, New York,Inns of Aurora Resort & Spa,Lake Resort / Inns,,Finalist Candidate,2026-05-23,Finger Lakes #2; luxury lake-village format.,,,,,,Likely; verify,,,,,,,,,ITH / SYR,35-75,,,,,,Y,Y,,,,Y,,,,,,,,,,,,Finger Lakes wine/lake region,,,,,,,,,,,,,,,,,,
Finger Lakes, New York,Finger Lakes Premier Properties Cluster,Rental Cluster Strategy,,Candidate,2026-05-23,Finger Lakes #3; multi-house cluster strategy.,,,,,,Varies; verify,,,,,,,,,ROC / SYR / ITH,45-90,,,,,,,,Y,Y,,,,,,,,,,,,,,Finger Lakes wine/lake region,,,,,,,,,,,,,,,,,,
Finger Lakes, New York,Tenwood Lodge Family Retreat,Lodge / Retreat,,Candidate,2026-05-23,Finger Lakes #4.,,,,,,Likely; verify,,,,,,,,,SYR,45,,,,,,,,,Y,,,,,,,,,,,,,Finger Lakes wine/lake region,,,,,,,,,,,,,,,,,,
Finger Lakes, New York,Vanderkamp,Camp / Retreat Center,,Candidate,2026-05-23,Finger Lakes #5; camp/retreat style.,,,,,,Likely; verify,,,,,,,,,SYR,45,,,,,,,,Y,Y,,Y,,,,,,,,,,,,Finger Lakes wine/lake region,,,,,,,,,,,,,,,,,,
Lake George / Adirondacks, New York,Silver Bay YMCA,YMCA Conference Center,,Finalist Candidate,2026-05-23,Lake George #1; finalist-tier family/campus option.,,,,,,Likely; verify,,,,,,,,,ALB,75,,,,,,Y,Y,Y,,,Y,,,,,,,,,,,,Adirondacks / Berkshires,,,,,,,,,,,,,,,,,,
Lake George / Adirondacks, New York,Lodges at Cresthaven,Lake Lodges / Resort,,Candidate,2026-05-23,Lake George #2.,,,,,,Likely; verify,,,,,,,,,ALB,60,,,,,,Y,Y,,,,,,,,,,,,,,,Adirondacks / Berkshires,,,,,,,,,,,,,,,,,,
Lake George / Adirondacks, New York,Garnet Hill Lodge,Lodge,,Candidate,2026-05-23,Lake George #3 and also considered for Lake Placid/Adirondacks.,,,,,,Likely; verify,,,,,,,,,ALB,90,,,,,,,,Y,Y,,Y,,,,,,,,,,,,Adirondacks / Berkshires,,,,,,,,,,,,,,,,,,
Lake George / Adirondacks, New York,Fort William Henry Hotel,Hotel / Conference,,Candidate,2026-05-23,Lake George #4.,,,,,,Likely; verify,,,,,,,,,ALB,60,,,,,,Y,Y,,,,Y,,,,,,,,,,,,Adirondacks / Berkshires,,,,,,,,,,,,,,,,,,
Lake George / Adirondacks, New York,The Sagamore Resort,Luxury Lake Resort,,Candidate,2026-05-23,Lake George #5.,,,,,,Likely; verify,,,,,,,,,ALB,75,,,,,,Y,Y,,,,Y,,,,,,,,,,,,Adirondacks / Berkshires,,,,,,,,,,,,,,,,,,
Lake Placid / Adirondack High Peaks, New York,Mirror Lake Inn,Lake Resort,,Candidate,2026-05-23,Lake Placid #1.,,,,,,Likely; verify,,,,,,,,,SLK / ALB,35-140,,,,,,Y,Y,Y,,,Y,,,,,,,,,,,,Adirondacks / Berkshires,,,,,,,,,,,,,,,,,,
Lake Placid / Adirondack High Peaks, New York,Whiteface Lodge,Lodge Resort,,Candidate,2026-05-23,Lake Placid #2.,,,,,,Likely; verify,,,,,,,,,SLK / ALB,35-140,,,,,,Y,,Y,,,Y,,,,,,,,,,,,Adirondacks / Berkshires,,,,,,,,,,,,,,,,,,
Lake Placid / Adirondack High Peaks, New York,Lake Clear Lodge,Lodge,,Candidate,2026-05-23,Lake Placid #3.,,,,,,Likely; verify,,,,,,,,,SLK,15,,,,,,,,Y,Y,,Y,,,,,,,,,,,,Adirondacks / Berkshires,,,,,,,,,,,,,,,,,,
Lake Placid / Adirondack High Peaks, New York,Lake Placid Lodge,Luxury Lodge,,Candidate,2026-05-23,Lake Placid #5.,,,,,,Likely; verify,,,,,,,,,SLK / ALB,35-140,,,,,,,,Y,Y,,Y,,,,,,,,,,,,Adirondacks / Berkshires,,,,,,,,,,,,,,,,,,
Berkshires, Massachusetts,Jiminy Peak Mountain Resort,Mountain Resort,,Finalist Candidate,2026-05-23,Berkshires Tier 1 property.,,,,,,Likely; verify,,,,,,,,,ALB,45,,,,,,Y,,Y,,,Y,,,,,,,,,,,,Adirondacks / Berkshires,,,,,,,,,,,,,,,,,,
Berkshires, Massachusetts,Vacation Village in the Berkshires,Condo Resort,,Candidate,2026-05-23,Berkshires Tier 1 property.,,,,,,Likely; verify,,,,,,,,,ALB,45,,,,,,Y,,Y,,,Y,,,,,,,,,,,,Adirondacks / Berkshires,,,,,,,,,,,,,,,,,,
Berkshires, Massachusetts,Berkshire Hills Eisenberg Camp,Camp / Retreat Center,,Candidate,2026-05-23,Berkshires Tier 1 camp-style property.,,,,,,Likely; verify,,,,,,,,,ALB,60,,,,,,Y,,Y,,,Y,,,,,,,,,,,,Adirondacks / Berkshires,,,,,,,,,,,,,,,,,,
Door County, Wisconsin,Gordon Lodge,Lake Resort,,Candidate,2026-05-23,Door County #1.,,,, ,,,Likely; verify,,,,,,,,,GRB,75-90,,,,,,Y,Y,Y,,,Y,,,,,,,,,,,,Great Lakes / Northwoods,,,,,,,,,,,,,,,,,,
Door County, Wisconsin,Baileys Harbor Yacht Club Resort,Lake Resort,,Candidate,2026-05-23,Door County #2.,,,, ,,,Likely; verify,,,,,,,,,GRB,75-90,,,,,,Y,Y,,,,,,,,,,,,,,,Great Lakes / Northwoods,,,,,,,,,,,,,,,,,,
Door County, Wisconsin,Westwood Shores Waterfront Resort,Condo Resort,,Candidate,2026-05-23,Door County #3.,,,, ,,,Likely; verify,,,,,,,,,GRB,75-90,,,,,,Y,Y,,,,,,,,,,,,,,,Great Lakes / Northwoods,,,,,,,,,,,,,,,,,,
Door County, Wisconsin,Newport Resort,Condo Resort,,Candidate,2026-05-23,Door County #4.,,,, ,,,Likely; verify,,,,,,,,,GRB,75-90,,,,,,Y,Y,,,,Y,,,,,,,,,,,,Great Lakes / Northwoods,,,,,,,,,,,,,,,,,,
Door County, Wisconsin,The Little Harbor,Lodging / Resort,,Candidate,2026-05-23,Door County #5.,,,, ,,,Likely; verify,,,,,,,,,GRB,75-90,,,,,,Y,Y,,,,,,,,,,,,,,,Great Lakes / Northwoods,,,,,,,,,,,,,,,,,,
Traverse City / Leelanau Peninsula, Michigan,Fountain Point Resort,Cottage Resort,,Finalist Candidate,2026-05-23,Leelanau #1; markets reunions and retreats.,,,19 cottages + 13-room hotel,,,Likely; verify,,,,,,,,,TVC,30,,,,,,Y,Y,,,,,,,,,,,,,,,Great Lakes / Northwoods,,,,,,,,,,,,,,,,,,
Traverse City / Northern Michigan, Michigan,Crystal Mountain,Mountain Resort,,Candidate,2026-05-23,Leelanau/Traverse City #2; also in Mackinac/Northern Michigan list.,,,, ,,,Likely; verify,,,,,,,,,TVC,45,,,,,,Y,,Y,,,Y,,,,,,,,,,,,Great Lakes / Northwoods,,,,,,,,,,,,,,,,,,
Traverse City / Leelanau Peninsula, Michigan,Sleeping Bear Resort,Cabin Resort,,Candidate,2026-05-23,Leelanau #3.,,,, ,,,Likely; verify,,,,,,,,,TVC,30-45,,,,,,Y,Y,Y,,,,,,,,,,,,,,Great Lakes / Northwoods,,,,,,,,,,,,,,,,,,
Traverse City / Leelanau Peninsula, Michigan,Grand Traverse Resort Area,Resort Area,,Candidate,2026-05-23,Leelanau #4; resort-area strategy.,,,, ,,,Likely; verify,,,,,,,,,TVC,15,,,,,,Y,,,,,,Y,,,,,,,,,,,,Great Lakes / Northwoods,,,,,,,,,,,,,,,,,,
Traverse City / Leelanau Peninsula, Michigan,Large Private Compound Rental Strategy,Rental Cluster Strategy,,Candidate,2026-05-23,Leelanau #5.,,,, ,,,Varies; verify,,,,,,,,,TVC,30-60,,,,,,,,Y,Y,,,,,,,,,,,,,,Great Lakes / Northwoods,,,,,,,,,,,,,,,,,,
Petoskey / Charlevoix, Michigan,Inn at Bay Harbor,Lake Resort,,Candidate,2026-05-23,Petoskey/Charlevoix #1.,,,, ,,,Likely; verify,,,,,,,,,PLN / TVC,40-90,,,,,,Y,Y,,,,Y,,,,,,,,,,,,Great Lakes / Northwoods,,,,,,,,,,,,,,,,,,
Petoskey / Charlevoix, Michigan,Lake Charlevoix Private Compound Strategy,Rental Cluster Strategy,,Candidate,2026-05-23,Petoskey/Charlevoix #2.,,,, ,,,Varies; verify,,,,,,,,,TVC / PLN,60-90,,,,,,,,Y,,,,,,,,,,,,,,Great Lakes / Northwoods,,,,,,,,,,,,,,,,,,
Petoskey / Charlevoix, Michigan,Pointes North Inn,Condo Hotel,,Candidate,2026-05-23,Petoskey/Charlevoix #3.,,,, ,,,Likely; verify,,,,,,,,,TVC / PLN,60-90,,,,,,Y,Y,,,,,,,,,,,,,,,Great Lakes / Northwoods,,,,,,,,,,,,,,,,,,
Petoskey / Charlevoix, Michigan,Odawa Casino Resort,Hotel/Casino,,Candidate,2026-05-23,Petoskey/Charlevoix #4; less reunion-fit.,,,, ,,,Likely; verify,,,,,,,,,PLN,35,,,,,,,,,,,,Y,,,,,,,,,,,,Great Lakes / Northwoods,,,,,,,,,,,,,,,,,,
Petoskey / Charlevoix, Michigan,Castle Farms + Lodging Mix,Event Venue + Lodging Strategy,,Candidate,2026-05-23,Petoskey/Charlevoix #5.,,,, ,,,Likely; verify,,,,,,,,,TVC / PLN,60-90,,,,,,,,,,,,,,,,,,,,,Great Lakes / Northwoods,,,,,,,,,,,,,,,,,,
Mackinac Island / Northern Michigan,Boyne Mountain Resort,Mountain Resort,,Candidate,2026-05-23,Mackinac/Northern Michigan #1.,,,, ,,,Likely; verify,,,,,,,,,PLN / TVC,60-90,,,,,,Y,,Y,,,Y,,,,,,,,,,,,Great Lakes / Northwoods,,,,,,,,,,,,,,,,,,
Mackinac Island / Northern Michigan,Grand Hotel,Historic Hotel,,Candidate,2026-05-23,Mackinac/Northern Michigan #2; island logistics.,,,, ,,,Likely; verify,,,,,,,,,PLN / TVC + ferry,45-120,,,,,,Y,Y,,,,Y,,,,,,,,,,,,Great Lakes / Northwoods,,,,,,,,,,,,,,,,,,
Mackinac Island / Northern Michigan,Mission Point Resort,Resort,,Candidate,2026-05-23,Mackinac/Northern Michigan #3; island logistics.,,,, ,,,Likely; verify,,,,,,,,,PLN / TVC + ferry,45-120,,,,,,Y,Y,,,,Y,,,,,,,,,,,,Great Lakes / Northwoods,,,,,,,,,,,,,,,,,,
Mackinac Island / Northern Michigan,Shanty Creek Resort,Mountain Resort,,Candidate,2026-05-23,Mackinac/Northern Michigan #5.,,,, ,,,Likely; verify,,,,,,,,,TVC,60,,,,,,Y,,Y,,,Y,,,,,,,,,,,,Great Lakes / Northwoods,,,,,,,,,,,,,,,,,,
Frankenmuth / Michigan,Bavarian Inn Lodge,Family Hotel,,Candidate,2026-05-23,Early Great Lakes shortlist property.,,,360 rooms,,,Likely; verify,,,,,,,,,MBS / DTW,35-95,,,,,,Y,,,,,,Y,,,,,,,,,,,,Great Lakes / Northwoods,,,,,,,,,,,,,,,,,,
Duluth / North Shore, Minnesota,Grand Superior Lodge,Lake Lodge / Resort,,Candidate,2026-05-23,Duluth/North Shore #1; prior family reunion housed ~120 across rooms/condos/cabins.,,~120,,,,Likely; verify,,,,,,,,,DLH / MSP,45-180,,,,,,,,Y,Y,,Y,,,,,,,,,,,,Great Lakes / Northwoods,,,,,,,,,,,,,,,,,,
Duluth / North Shore, Minnesota,Superior Shores Resort,Lake Resort,,Candidate,2026-05-23,Duluth/North Shore #2.,,,, ,,,Likely; verify,,,,,,,,,DLH / MSP,45-180,,,,,,Y,Y,Y,,,Y,,,,,,,,,,,,Great Lakes / Northwoods,,,,,,,,,,,,,,,,,,
Duluth / North Shore, Minnesota,Larsmont Cottages,Cottage Resort,,Candidate,2026-05-23,Duluth/North Shore #3.,,,, ,,,Likely; verify,,,,,,,,,DLH / MSP,35-170,,,,,,Y,Y,Y,,,Y,,,,,,,,,,,,Great Lakes / Northwoods,,,,,,,,,,,,,,,,,,
Duluth / North Shore, Minnesota,Bluefin Bay,Lake Resort,,Candidate,2026-05-23,Duluth/North Shore #4.,,,, ,,,Likely; verify,,,,,,,,,DLH / MSP,90-210,,,,,,Y,Y,Y,,,Y,,,,,,,,,,,,Great Lakes / Northwoods,,,,,,,,,,,,,,,,,,
Duluth / North Shore, Minnesota,Cascade Lodge,Lodge / Cabins,,Candidate,2026-05-23,Duluth/North Shore #5.,,,, ,,,Likely; verify,,,,,,,,,DLH / MSP,120-240,,,,,,,,Y,Y,,,,,,,,,,,,,,Great Lakes / Northwoods,,,,,,,,,,,,,,,,,,
Hocking Hills, Ohio,Hocking Hills Lodge & Conference Center,State Park Lodge,,Candidate,2026-05-23,Hocking Hills #1.,,,,,,Likely; verify,,,,,,,,,CMH,60-75,,,,,,Y,,Y,,,Y,,,,,,,,,,Hocking Hills State Park,,,,,,,,,,,,,,,,,,
Hocking Hills, Ohio,Bourbon Ridge Retreat,Luxury Cabin/Event Retreat,,Candidate,2026-05-23,Hocking Hills #2.,,,,,,Likely; verify,,,,,,,,,CMH,60-75,,,,,,Y,,Y,,,,,,,,,,,,,Hocking Hills State Park,,,,,,,,,,,,,,,,,,
Hocking Hills, Ohio,Hocking Hills Cabins & Resort,Cabin Resort,,Candidate,2026-05-23,Hocking Hills #3.,,,,,,Likely; verify,,,,,,,,,CMH,60-75,,,,,,Y,,Y,,,,,,,,,,,,,Hocking Hills State Park,,,,,,,,,,,,,,,,,,
Hocking Hills, Ohio,Cherry Ridge Retreat,Cabin Retreat,,Candidate,2026-05-23,Hocking Hills #4; likely too small.,,,,,,Likely; verify,,,,,,,,,CMH,60-75,,,,,,,,Y,,,,,,,,,,,,,Hocking Hills State Park,,,,,,,,,,,,,,,,,,
Black Hills, South Dakota,Custer State Park Resort,State Park Resort,,Candidate,2026-05-23,Black Hills #1.,,,,,,Likely; verify,,,,,,,,,RAP,45-60,,,,,,Y,Y,Y,,,Y,,,,,,,,,,Custer State Park / Mount Rushmore,,,,,,,,,,,,,,,,,,
Black Hills, South Dakota,Canyon Lake Resort,Resort,,Candidate,2026-05-23,Black Hills #2.,,,,,,Likely; verify,,,,,,,,,RAP,20,,,,,,Y,Y,,,,Y,,,,,,,,,,,,Black Hills,,,,,,,,,,,,,,,,,,
Black Hills, South Dakota,Mt. Rushmore Resort at Palmer Gulch,Resort/Campground,,Candidate,2026-05-23,Black Hills #3.,,,,,,Likely; verify,,,,,,,,,RAP,45,,,,,,,,Y,Y,,Y,,,,,,,,,,,,Mount Rushmore,,,,,,,,,,,,,,,,,,
Black Hills, South Dakota,Elk Creek Resort,Resort/Cabins,,Candidate,2026-05-23,Black Hills #4.,,,,,,Likely; verify,,,,,,,,,RAP,45-60,,,,,,Y,,Y,,,,,,,,,,,,,Black Hills,,,,,,,,,,,,,,,,,,
Black Hills, South Dakota,Mickelson Trail Lodging,Lodging Strategy,,Candidate,2026-05-23,Black Hills #5.,,,,,,Varies; verify,,,,,,,,,RAP,45-75,,,,,,,,Y,,,,,,,,,,,,,Mickelson Trail,,,,,,,,,,,,,,,,,,
Smoky Mountains, Tennessee,Gatlinburg Lodge / Giant Reunion Lodge Concept,Large Lodge / Rental,,Candidate,2026-05-23,Smoky Mountains #1.,,,,,,Likely; verify,,,,,,,,,TYS,60-75,,,,,,,,Y,,,,,,,,,,,,Y,Great Smoky Mountains National Park,,,,,,,,,,,,,,,,,,
Smoky Mountains, Tennessee,Dollywood's DreamMore Resort,Resort,,Candidate,2026-05-23,Smoky Mountains #2.,,,,,,Likely; verify,,,,,,,,,TYS,45,,,,,,Y,,,Y,,Y,,,,,,,,,,Dollywood / Great Smoky Mountains,,,,,,,,,,,,,,,,,,
Smoky Mountains, Tennessee,Hearthside / Large Cabin Clusters,Cabin Cluster Strategy,,Candidate,2026-05-23,Smoky Mountains #3.,,,,,,Varies; verify,,,,,,,,,TYS,45-75,,,,,,,,Y,,,,,,,,,,,,Y,Great Smoky Mountains National Park,,,,,,,,,,,,,,,,,,
Smoky Mountains, Tennessee,Smith Creek Resort,Resort / Cabins,,Candidate,2026-05-23,Smoky Mountains #4.,,,,,,Likely; verify,,,,,,,,,TYS,45-60,,,,,,Y,,Y,Y,,Y,,,,,,,,,Y,Great Smoky Mountains National Park,,,,,,,,,,,,,,,,,,
Smoky Mountains, Tennessee,Wilderness at the Smokies,Waterpark Resort,,Candidate,2026-05-23,Smoky Mountains #5.,,,,,,Likely; verify,,,,,,,,,TYS,45,,,,,,Y,,Y,Y,,Y,,,,,,,,,Y,Great Smoky Mountains National Park,,,,,,,,,,,,,,,,,,
Sunriver / Bend, Oregon,Sunriver Resort,Resort,,Finalist Candidate,2026-05-23,Sunriver/Bend top property; upper-tier western candidate.,,,,,,Likely; verify,,,,,,,,,RDM / PDX,35-180,,,,,,Y,Y,Y,Y,,Y,Y,,,,,,,,,,,,Central Oregon / Deschutes River,,,,,,,,,,,,,,,,,,
Sunriver / Bend, Oregon,Caldera Springs,Vacation Community,,Candidate,2026-05-23,Sunriver/Bend high-end vacation community option.,,,,,,,,,,,,,,,,RDM / PDX,35-180,,,,,,Y,Y,Y,Y,,Y,Y,,,,,,,,,,,,Central Oregon / Deschutes River,,,,,,,,,,,,,,,,,,
Sunriver / Bend, Oregon,Brasada Ranch,Ranch Resort,,Candidate,2026-05-23,Bend-area ranch/resort option.,,,,,,Likely; verify,,,,,,,,,RDM,25,,,,,,Y,,Y,Y,,Y,,,,,,,,,,,,Central Oregon / Deschutes River,,,,,,,,,,,,,,,,,,
Sunriver / Bend, Oregon,Pronghorn Resort,Golf Resort,,Candidate,2026-05-23,Bend-area resort option.,,,,,,Likely; verify,,,,,,,,,RDM,20,,,,,,Y,,Y,,,,Y,,,,,,,,,,,,Central Oregon / Deschutes River,,,,,,,,,,,,,,,,,,
Sunriver / Bend, Oregon,Tetherow Resort,Resort,,Candidate,2026-05-23,Bend resort option.,,,,,,Likely; verify,,,,,,,,,RDM,30,,,,,,Y,,Y,,,,Y,,,,,,,,,,,,Central Oregon / Deschutes River,,,,,,,,,,,,,,,,,,
Coeur d'Alene, Idaho,Camp Lutherhaven,Camp / Retreat Center,,Candidate,2026-05-23,Coeur d'Alene #1.,,,, ,,,Likely; verify,,,,,,,,,GEG,45,,,,,,Y,Y,Y,Y,,Y,Y,,,,,,,,,,,,Lake Coeur d'Alene,,,,,,,,,,,,,,,,,,
Coeur d'Alene, Idaho,The Coeur d'Alene Resort,Lake Resort,,Finalist Candidate,2026-05-23,Coeur d'Alene #2; resort has 338 rooms in prior objective notes.,,,338 rooms,,,Likely; verify,,,,,,,,,GEG,40-45,,,,,,Y,Y,,Y,,Y,Y,,,,,,,,,,,,Lake Coeur d'Alene,,,,,,,,,,,,,,,,,,
Coeur d'Alene, Idaho,Twinlow Retreat Center,Camp / Retreat Center,,Candidate,2026-05-23,Coeur d'Alene #3.,,,, ,,,Likely; verify,,,,,,,,,GEG,45,,,,,,Y,Y,Y,,,Y,Y,,,,,,,,,,,,Lake Coeur d'Alene,,,,,,,,,,,,,,,,,,
Coeur d'Alene, Idaho,One Lakeside,Condo Hotel,,Candidate,2026-05-23,Coeur d'Alene #4.,,,, ,,,Likely; verify,,,,,,,,,GEG,40-45,,,,,,Y,Y,,,,Y,,,,,,,,,,,,Lake Coeur d'Alene,,,,,,,,,,,,,,,,,,
Coeur d'Alene, Idaho,Coeur d'Alene Casino Resort,Casino Resort,,Candidate,2026-05-23,Coeur d'Alene #5; 300 guest rooms in prior objective notes.,,,300 guest rooms,,,Likely; verify,,,,,,,,,GEG,50,,,,,,Y,,,Y,,Y,,,,,,,,,,,,Lake Coeur d'Alene,,,,,,,,,,,,,,,,,,
Whitefish / Flathead Lake / Glacier, Montana,Flathead Lake Lodge,Guest Ranch,,Finalist,2026-05-23,"Whitefish/Glacier #1; nearly 2,000 acres in prior notes.",,,,,,,,,,,,,,,,FCA,30-45,,,,,,Y,Y,Y,Y,,Y,Y,,,,,,,,,Y,Flathead Lake / Glacier National Park,,,,,,,,,,,,,,,,,,
Whitefish / Flathead Lake / Glacier, Montana,The Lodge at Whitefish Lake,Lake Lodge / Resort,,Finalist Candidate,2026-05-23,"Whitefish/Glacier #2; over 8,000 sq ft indoor event space plus pavilion; ~125 accommodations.",,,~125 accommodations,>8,000 sq ft indoor event space,,Likely; verify,,,,,,,,,FCA,15-25,,,,,,Y,Y,Y,Y,,Y,Y,,,,,,,,,Y,Whitefish Lake / Glacier National Park,,,,,,,,,,,,,,,,,,
Whitefish / Flathead Lake / Glacier, Montana,North Forty Resort,Cabin Resort,,Candidate,2026-05-23,Whitefish/Glacier #3.,,,,,,Likely; verify,,,,,,,,,FCA,15,,,,,,Y,,Y,,,,,,,,,,,,Y,Glacier National Park,,,,,,,,,,,,,,,,,,
Whitefish / Flathead Lake / Glacier, Montana,Haymoon Resort,Cabin Resort,,Candidate,2026-05-23,Whitefish/Glacier #4; likely too small.,,,,,,Likely; verify,,,,,,,,,FCA,20,,,,,,Y,,Y,,,,,,,,,,,,Y,Glacier National Park,,,,,,,,,,,,,,,,,,
Lake Tahoe, California/Nevada,Zephyr Point Conference Center,Conference Center,,Finalist Candidate,2026-05-23,Lake Tahoe #1 finalist-pool property.,,,,,,Likely; verify,,,,,,,,,RNO,55-75,,,,,,Y,Y,Y,,,Y,,,,,,,,,,,,Lake Tahoe,,,,,,,,,,,,,,,,,,
Lake Tahoe, California/Nevada,Granlibakken Tahoe,Resort / Conference Center,,Finalist Candidate,2026-05-23,Lake Tahoe #2 finalist-pool property.,,,~190 rooms/cabins/units,,,Likely; verify,,,,,,,,,RNO / SMF,60-120,,,,,,Y,,Y,,,Y,,,,,,,,,,,,Lake Tahoe,,,,,,,,,,,,,,,,,,
Lake Tahoe, California/Nevada,Stanford Sierra Conference Center,Conference Center,,Candidate,2026-05-23,Lake Tahoe #3 finalist-pool property.,,,,,,Likely; verify,,,,,,,,,RNO,60,,,,,,Y,Y,Y,,,Y,,,,,,,,,,,,Lake Tahoe,,,,,,,,,,,,,,,,,,
Lake Tahoe, California/Nevada,Zephyr Cove Resort,Lake Resort / Cabins,,Candidate,2026-05-23,Lake Tahoe #4 finalist-pool property.,,,28 cabins + lodge rooms,,,Likely; verify,,,,,,,,,RNO,60,,,,,,Y,Y,Y,,,,,,,,,,,,,,Lake Tahoe,,,,,,,,,,,,,,,,,,
Lake Tahoe, California/Nevada,Lake Tahoe Large Vacation Home Compound Strategy,Rental Cluster Strategy,,Candidate,2026-05-23,Lake Tahoe #5 strategy.,,,,,,Varies; verify,,,,,,,,,RNO / SMF,60-120,,,,,,,,Y,Y,,,,,,,,,,,,,,Lake Tahoe,,,,,,,,,,,,,,,,,,
Jackson Hole / Grand Teton, Wyoming,Teton Springs Lodge & Spa,Resort Lodge,,Candidate,2026-05-23,Jackson Hole property considered.,,,, ,,,Likely; verify,,,,,,,,,JAC,45,,,,,,Y,,Y,,,Y,,,,,,,,,Y,Grand Teton National Park,,,,,,,,,,,,,,,,,,
Jackson Hole / Grand Teton, Wyoming,Moose Creek Ranch,Ranch / Cabins,,Candidate,2026-05-23,Jackson Hole property considered.,,,, ,,,,,,,,,,,,JAC,45,,,,,,Y,,Y,,,,,,,,,,,,Y,Grand Teton National Park,,,,,,,,,,,,,,,,,,
Jackson Hole / Grand Teton, Wyoming,Red Rock Ranch,Guest Ranch,,Candidate,2026-05-23,Jackson Hole property considered.,,,, ,,,,,,,,,,,,JAC,45-60,,,,,,Y,,Y,,,,,,,,,,,,Y,Grand Teton National Park,,,,,,,,,,,,,,,,,,
Jackson Hole / Grand Teton, Wyoming,Jackson Lake Lodge,National Park Lodge,,Candidate,2026-05-23,Jackson Hole property considered; inside Grand Teton NP.,,,, ,,,Likely; verify,,,,,,,,,JAC,35,,,,,,Y,Y,Y,,,Y,,,,,,,,,Y,Grand Teton National Park,,,,,,,,,,,,,,,,,,
Jackson Hole / Grand Teton, Wyoming,Fireside Resort,Cabin Resort,,Candidate,2026-05-23,Jackson Hole property considered.,,,,,,Likely; verify,,,,,,,,,JAC,20,,,,,,,,Y,,,,,,,,,,,,Y,Grand Teton National Park,,,,,,,,,,,,,,,,,,
Missoula / Bitterroot Valley, Montana,The Ranch at Rock Creek,Luxury Guest Ranch,,Candidate,2026-05-23,Missoula/Bitterroot #1.,,,, ,,,,,,,,,,,,MSO / BTM,90,,,,,,Y,Y,Y,Y,,Y,Y,,,,,,,,,,,,Bitterroot Valley / Ranch Country,,,,,,,,,,,,,,,,,,
Missoula / Bitterroot Valley, Montana,Resort at Paws Up,Luxury Ranch Resort,,Candidate,2026-05-23,Missoula/Bitterroot #2.,,,,,,Likely; verify,,,,,,,,,MSO,45,,,,,,Y,Y,Y,Y,,Y,Y,,,,,,,,,,,,Blackfoot River / Montana ranch country,,,,,,,,,,,,,,,,,,
Missoula / Bitterroot Valley, Montana,Rich Ranch,Guest Ranch,,Candidate,2026-05-23,Missoula/Bitterroot #3.,,,, ,,,,,,,,,,,,MSO,90,,,,,,Y,Y,Y,,,Y,,,,,,,,,,,,Bitterroot Valley,,,,,,,,,,,,,,,,,,
Missoula / Bitterroot Valley, Montana,Fairmont Hot Springs Resort,Hot Springs Resort,,Candidate,2026-05-23,Missoula/Bitterroot #4.,,,,,,Likely; verify,,,,,,,,,BTM / MSO,20-100,,,,,,Y,,Y,Y,,Y,,,,,,,,,,,,Hot springs / Montana mountains,,,,,,,,,,,,,,,,,,
Missoula / Bitterroot Valley, Montana,Bitterroot Valley Cabin Compound,Rental Cluster Strategy,,Candidate,2026-05-23,Missoula/Bitterroot #5.,,,,,,Varies; verify,,,,,,,,,MSO,45-90,,,,,,,,Y,,,,,,,,,,,,,Bitterroot Valley,,,,,,,,,,,,,,,,,,
Big Sky, Montana,Big Sky Resort,Mountain Resort,,Finalist Candidate,2026-05-23,Big Sky #1 candidate set; upper tier.,,,,,,Likely; verify,,,,,,,,,BZN,60-75,,,,,,Y,,Y,Y,,Y,Y,,,,,,,,,Y,Big Sky / Yellowstone gateway,,,,,,,,,,,,,,,,,,
Big Sky, Montana,Huntley Lodge,Mountain Lodge,,Candidate,2026-05-23,Big Sky candidate.,,,,,,Likely; verify,,,,,,,,,BZN,60-75,,,,,,Y,,Y,,,Y,,,,,,,,,,,,Big Sky Resort,,,,,,,,,,,,,,,,,,
Big Sky / Bozeman, Montana,Lone Mountain Ranch,Guest Ranch,,Candidate,2026-05-23,Big Sky/Bozeman candidate; also Bozeman list.,,,,,,,,,,,,,,,,BZN,60-75,,,,,,Y,,Y,Y,,Y,Y,,,,,,,,,Y,Lone Mountain / Yellowstone gateway,,,,,,,,,,,,,,,,,,
Big Sky, Montana,The Wilson Hotel,Hotel,,Candidate,2026-05-23,Big Sky candidate; less campus-like.,,,129 rooms,,,Likely; verify,,,,,,,,,BZN,60-75,,,,,,Y,,Y,,,Y,,,,,,,,,,,,Big Sky,,,,,,,,,,,,,,,,,,
Big Sky, Montana,Moonlight Basin Home Cluster,Rental Cluster Strategy,,Candidate,2026-05-23,Big Sky candidate strategy.,,,,,,Varies; verify,,,,,,,,,BZN,60-75,,,,,,,,Y,,,,,,,,,,,,,Moonlight Basin,,,,,,,,,,,,,,,,,,
Park City, Utah,Grand Summit Hotel,Mountain Resort Hotel,,Finalist Candidate,2026-05-24,Park City #1.,,,,,,Likely; verify,,,,,,,,,SLC,35-45,,,,,,Y,,Y,Y,,Y,Y,,,,,,,,,,,,Park City / Wasatch Mountains,,,,,,,,,,,,,,,,,,
Park City, Utah,Westgate Park City Resort & Spa,Condo Resort,,Candidate,2026-05-24,Park City #2.,,,,,,Likely; verify,,,,,,,,,SLC,35-45,,,,,,Y,,Y,Y,,Y,Y,,,,,,,,,,,,Park City / Wasatch Mountains,,,,,,,,,,,,,,,,,,
Park City, Utah,Weedon Ranch,Ranch / Event Property,,Candidate,2026-05-24,Park City #3.,,,,,,,,,,,,,,,,SLC,45,,,,,,,,Y,,,,,,,,,,,,,Wasatch Mountains,,,,,,,,,,,,,,,,,,
Park City, Utah,Silver Springs Lodge,Large Lodge / Vacation Rental,,Candidate,2026-05-24,Park City #4.,,,,,,Likely; verify,,,,,,,,,SLC,40,,,,,,,,Y,,,,,,,,,,,,,Park City,,,,,,,,,,,,,,,,,,
Steamboat Springs, Colorado,Steamboat Grand,Mountain Resort,,Candidate,2026-05-23,Steamboat property detail not fully recovered; included as likely resort anchor.,,,,,,Likely; verify,,,,,,,,,HDN / DEN,35-180,,,,,,Y,,Y,Y,,Y,Y,,,,,,,,,,,,Steamboat Springs,,,,,,,,,,,,,,,,,,
Estes Park / Rocky Mountain National Park, Colorado,YMCA of the Rockies - Estes Park Center,YMCA Conference Center,,Candidate,2026-05-23,Estes Park #1 in prior recovered ranking.,,,,,,Likely; verify,,,,,,,,,DEN,90-120,,,,,,Y,,Y,Y,,Y,Y,,,,,,,,,Y,Rocky Mountain National Park,,,,,,,,,,,,,,,,,,
Estes Park / Rocky Mountain National Park, Colorado,The Stanley Hotel,Historic Hotel,,Candidate,2026-05-23,Estes Park candidate.,,,,,,Likely; verify,,,,,,,,,DEN,90-120,,,,,,,,Y,,,Y,,,,,,,,,Y,Rocky Mountain National Park,,,,,,,,,,,,,,,,,,
Estes Park / Rocky Mountain National Park, Colorado,Holiday Inn Estes Park,Hotel,,Candidate,2026-05-23,Estes Park candidate.,,,,,,Likely; verify,,,,,,,,,DEN,90-120,,,,,,Y,,Y,,,Y,,,,,,,,,Y,Rocky Mountain National Park,,,,,,,,,,,,,,,,,,
Estes Park / Rocky Mountain National Park, Colorado,The Ridgeline Hotel Estes Park,Hotel,,Candidate,2026-05-23,Estes Park candidate.,,,,,,Likely; verify,,,,,,,,,DEN,90-120,,,,,,Y,,Y,,,Y,,,,,,,,,Y,Rocky Mountain National Park,,,,,,,,,,,,,,,,,,
Estes Park / Rocky Mountain National Park, Colorado,Estes Park Private Cabin Village Buyout,Rental Cluster Strategy,,Candidate,2026-05-23,Estes Park cabin-village strategy.,,,,,,Varies; verify,,,,,,,,,DEN,90-120,,,,,,,,Y,,,,,,,,,,,,Y,Rocky Mountain National Park,,,,,,,,,,,,,,,,,,
Colorado Springs / Garden of the Gods, Colorado,The Broadmoor,Luxury Resort,,Finalist Candidate,2026-05-23,Colorado Springs top-tier / revisit confirmed strong.,,,784 rooms,185,000 sq ft event space,,Likely; verify,,,,,,,,,COS / DEN,20-75,,,,,,Y,,Y,Y,,Y,Y,,,,,,,,,,,,Garden of the Gods / Pikes Peak,,,,,,,,,,,,,,,,,,
Colorado Springs / Garden of the Gods, Colorado,Cheyenne Mountain Resort,Resort,,Candidate,2026-05-23,Colorado Springs candidate.,,,,,,Likely; verify,,,,,,,,,COS / DEN,20-75,,,,,,Y,Y,Y,Y,,Y,Y,,,,,,,,,,,,Garden of the Gods / Pikes Peak,,,,,,,,,,,,,,,,,,
Colorado Springs / Garden of the Gods, Colorado,Garden of the Gods Resort and Club,Resort,,Candidate,2026-05-23,Colorado Springs candidate.,,,,,,Likely; verify,,,,,,,,,COS / DEN,25-80,,,,,,Y,,Y,,,Y,,,,,,,,,,,,Garden of the Gods,,,,,,,,,,,,,,,,,,
Breckenridge / Frisco / Dillon, Colorado,Beaver Run Resort & Conference Center,Condo Resort / Conference Center,,Finalist Candidate,2026-05-24,Breckenridge #1; largest conference/event space in Breckenridge; hundreds of rooms/condos.,,,hundreds of rooms/condos,,,Likely; verify,,,,,,,,,DEN,120,,,,,,Y,,Y,Y,,Y,Y,,,,,,,,,,,,Breckenridge / Summit County,,,,,,,,,,,,,,,,,,
Breckenridge / Frisco / Dillon, Colorado,Grand Lodge on Peak 7,Condo Resort,,Candidate,2026-05-24,Breckenridge luxury family option.,,,,,,Likely; verify,,,,,,,,,DEN,120,,,,,,Y,,Y,Y,,Y,Y,,,,,,,,,,,,Breckenridge / Summit County,,,,,,,,,,,,,,,,,,
Breckenridge / Frisco / Dillon, Colorado,Grand Colorado on Peak 8,Condo Resort,,Candidate,2026-05-24,Breckenridge luxury family option.,,,,,,Likely; verify,,,,,,,,,DEN,120,,,,,,Y,,Y,Y,,Y,Y,,,,,,,,,,,,Breckenridge / Summit County,,,,,,,,,,,,,,,,,,
Breckenridge / Frisco / Dillon, Colorado,High Country Lodge,Large Lodge / Vacation Rental,,Candidate,2026-05-24,Sleeps ~24 with event space around 40.,,~24,,~40,,Likely; verify,,,,,,,,,DEN,120,,,,,,,,Y,,,,,,,,,,,,,Breckenridge / Summit County,,,,,,,,,,,,,,,,,,
Santa Fe / Taos, New Mexico,Bishop's Lodge,Luxury Resort,,Candidate,2026-05-23,Santa Fe/Taos candidate.,,,,,,Likely; verify,,,,,,,,,SAF / ABQ,20-75,,,,,,Y,,Y,,,Y,,,,,,,,,,,,Santa Fe / Sangre de Cristo Mountains,,,,,,,,,,,,,,,,,,
Santa Fe / Taos, New Mexico,Ghost Ranch,Retreat Center,,Finalist Candidate,2026-05-23,Santa Fe/Taos high-ranking candidate.,,,,,,Likely; verify,,,,,,,,,SAF / ABQ,65-120,,,,,,,,Y,,,Y,,,,,,,,,,,,Ghost Ranch / Abiquiu,,,,,,,,,,,,,,,,,,
Santa Fe / Taos, New Mexico,The Blake at Taos Ski Valley,Mountain Hotel,,Candidate,2026-05-23,Santa Fe/Taos candidate.,,,,,,Likely; verify,,,,,,,,,SAF / ABQ,120-170,,,,,,Y,,Y,,,Y,,,,,,,,,,,,Taos Ski Valley,,,,,,,,,,,,,,,,,,
Santa Fe / Taos, New Mexico,Taos Large Vacation Rental Cluster,Rental Cluster Strategy,,Candidate,2026-05-23,Taos cluster strategy.,,,,,,Varies; verify,,,,,,,,,SAF / ABQ,120-170,,,,,,,,Y,,,,,,,,,,,,,Taos,,,,,,,,,,,,,,,,,,
Santa Fe / Taos, New Mexico,Bishop's Ridge Retreat Center,Retreat Center,,Candidate,2026-05-23,Santa Fe/Taos candidate.,,,,,,Likely; verify,,,,,,,,,SAF / ABQ,30-75,,,,,,,,Y,,,Y,,,,,,,,,,,,Santa Fe foothills,,,,,,,,,,,,,,,,,,
Telluride, Colorado,Mountain Lodge Telluride,Mountain Lodge / Condo Resort,,Candidate,2026-05-24,Telluride candidate.,,,,,,Likely; verify,,,,,,,,,TEX / MTJ,10-90,,,,,,Y,,Y,Y,,Y,Y,,,,,,,,,,,,Telluride / San Juan Mountains,,,,,,,,,,,,,,,,,,
Telluride, Colorado,Madeline Hotel & Residences,Luxury Mountain Hotel,,Candidate,2026-05-24,Telluride candidate.,,,,,,Likely; verify,,,,,,,,,TEX / MTJ,10-90,,,,,,Y,,Y,Y,,Y,Y,,,,,,,,,,,,Telluride / San Juan Mountains,,,,,,,,,,,,,,,,,,
Telluride, Colorado,Lumière with Inspirato,Luxury Residence Hotel,,Candidate,2026-05-24,Telluride candidate.,,,,,,Likely; verify,,,,,,,,,TEX / MTJ,10-90,,,,,,Y,,Y,,,Y,,,,,,,,,,,,Telluride / San Juan Mountains,,,,,,,,,,,,,,,,,,
Telluride, Colorado,Mountain Village Vacation Home Cluster,Rental Cluster Strategy,,Candidate,2026-05-24,Telluride large-home strategy.,,,,,,Varies; verify,,,,,,,,,TEX / MTJ,10-90,,,,,,,,Y,,,,,,,,,,,,,Telluride / San Juan Mountains,,,,,,,,,,,,,,,,,,
Durango / Purgatory, Colorado,Purgatory Resort Village,Mountain Resort Village,,Finalist Candidate,2026-05-24,Durango #1; strong finalist.,,,,,,Likely; verify,,,,,,,,,DRO,45-60,,,,,,Y,,Y,Y,,Y,Y,,,,,,,,,,,,Purgatory / San Juan Mountains,,,,,,,,,,,,,,,,,,
Durango / Purgatory, Colorado,Large Vacation Home Clusters Near Purgatory,Rental Cluster Strategy,,Candidate,2026-05-24,Durango #2.,,,,,,Varies; verify,,,,,,,,,DRO,45-60,,,,,,,,Y,,,,,,,,,,,,,Purgatory / San Juan Mountains,,,,,,,,,,,,,,,,,,
Durango / Purgatory, Colorado,Black Diamond Lodge Area,Lodge / Cluster Strategy,,Candidate,2026-05-24,Durango #3.,,,,,,Likely; verify,,,,,,,,,DRO,45-60,,,,,,,,Y,,,,,,,,,,,,,Purgatory / San Juan Mountains,,,,,,,,,,,,,,,,,,
Leavenworth, Washington,Sleeping Lady Mountain Resort & Spa,Mountain Resort / Retreat,,Candidate,2026-05-24,Leavenworth #1; multiple event spaces seating 120-150+; resort campus/pool/dining.,,,,120-150+,,Likely; verify,,,,,,,,,EAT / SEA,40-150,,,,,,Y,,Y,,,Y,,,,,,,,,,,,Leavenworth / Cascades,,,,,,,,,,,,,,,,,,
Leavenworth, Washington,Icicle Village Resort,Resort,,Candidate,2026-05-24,Leavenworth #2; up to ~150-200 guests; multiple ballrooms; pool/mini golf.,,,,150-200,,Likely; verify,,,,,,,,,EAT / SEA,40-150,,,,,,Y,,Y,Y,,Y,Y,,,,,,,,,,,,Leavenworth / Cascades,,,,,,,,,,,,,,,,,,
Leavenworth, Washington,Mountain Springs Lodge,Cabin Lodge / Resort,,Candidate,2026-05-24,Leavenworth #3; cabins/lodge; family reunions; zipline; one cabin sleeps 28.,,,,,,Likely; verify,,,,,,,,,EAT / SEA,40-150,,,,,,,,Y,Y,,,,,,,,,,,,Leavenworth / Cascades,,,,,,,,,,,,,,,,,,
McCall / Payette Lake, Idaho,Shore Lodge,Lake Lodge / Resort,,Finalist Candidate,2026-05-24,McCall #1; current western rank #5.,,,,,,Likely; verify,,,,,,,,,BOI,120,,,,,,Y,Y,Y,Y,,Y,Y,,,,,,,,,,,,Payette Lake,,,,,,,,,,,,,,,,,,
McCall / Payette Lake, Idaho,Pilgrim Cove Camp,Camp / Retreat Center,,Candidate,2026-05-24,McCall #2.,,,,,,Likely; verify,,,,,,,,,BOI,120,,,,,,Y,Y,Y,Y,,Y,Y,,,,,,,,,,,,Payette Lake,,,,,,,,,,,,,,,,,,
McCall / Payette Lake, Idaho,Bear Creek Lodge,Lodge,,Candidate,2026-05-24,McCall #3.,,,,,,Likely; verify,,,,,,,,,BOI,120,,,,,,Y,,Y,,,,,,,,,,,,,McCall / Payette Lake,,,,,,,,,,,,,,,,,,
McCall / Payette Lake, Idaho,Broken Ridge Ranch,Ranch / Retreat,,Candidate,2026-05-24,McCall #4.,,,,,,,,,,,,,,,,BOI,120,,,,,,,,Y,,,,,,,,,,,,,McCall / Payette Lake,,,,,,,,,,,,,,,,,,
McCall / Payette Lake, Idaho,The Gathering Place,Large Vacation Rental / Lodge,,Candidate,2026-05-24,McCall #5.,,,,,,Likely; verify,,,,,,,,,BOI,120,,,,,,,,Y,,,,,,,,,,,,,McCall / Payette Lake,,,,,,,,,,,,,,,,,,
Sandpoint / Lake Pend Oreille / Schweitzer, Idaho,Schweitzer,Mountain Resort,,Finalist Candidate,2026-05-24,Sandpoint #1; current western rank #3.,,,,,,Likely; verify,,,,,,,,,GEG,90,,,,,,Y,,Y,Y,,Y,Y,,,,,,,,,,,,Schweitzer / Lake Pend Oreille,,,,,,,,,,,,,,,,,,
Sandpoint / Lake Pend Oreille / Schweitzer, Idaho,Sandpoint Waterfront Resort / Condo Cluster,Condo / Rental Cluster Strategy,,Candidate,2026-05-24,Sandpoint #2.,,,,,,Varies; verify,,,,,,,,,GEG,90,,,,,,Y,Y,Y,,,,,,,,,,,,,,Lake Pend Oreille,,,,,,,,,,,,,,,,,,
Sandpoint / Lake Pend Oreille / Schweitzer, Idaho,Large Private Estate / Multi-Cabin Buyout,Rental Cluster Strategy,,Candidate,2026-05-24,Sandpoint #3.,,,,,,Varies; verify,,,,,,,,,GEG,90,,,,,,,,Y,Y,,,,,,,,,,,,,Lake Pend Oreille,,,,,,,,,,,,,,,,,,
Wallowa Lake / Joseph, Oregon,Eagle Cap Chalets,Chalet / Cabin Resort,,Finalist Candidate,2026-05-24,Wallowa Lake #1 / current best property.,,,,,,Likely; verify,,,,,,,,,PSC / GEG / BOI,180-270,,,,,,Y,Y,Y,,,,,,,,,,,,,,Wallowa Lake / Eagle Cap Wilderness,,,,,,,,,,,,,,,,,,
Wallowa Lake / Joseph, Oregon,Wallowa Lake Lodge,Historic Lodge,,Candidate,2026-05-24,Wallowa Lake #2.,,,,,,Likely; verify,,,,,,,,,PSC / GEG / BOI,180-270,,,,,,,,Y,,,Y,,,,,,,,,,,,Wallowa Lake / Eagle Cap Wilderness,,,,,,,,,,,,,,,,,,
Wallowa Lake / Joseph, Oregon,Wallowa Lake Resort,Cabin / Vacation Rental Resort,,Candidate,2026-05-24,Wallowa Lake #3.,,,,,,Likely; verify,,,,,,,,,PSC / GEG / BOI,180-270,,,,,,Y,Y,Y,,,,,,,,,,,,,,Wallowa Lake / Eagle Cap Wilderness,,,,,,,,,,,,,,,,,,
Wallowa Lake / Joseph, Oregon,Wallowa Lake Camp & Retreat Center,Camp / Retreat Center,,Candidate,2026-05-24,Wallowa Lake #4.,,,,,,Likely; verify,,,,,,,,,PSC / GEG / BOI,180-270,,,,,,Y,Y,Y,Y,,Y,Y,,,,,,,,,,,,Wallowa Lake / Eagle Cap Wilderness,,,,,,,,,,,,,,,,,,
Sedona, Arizona,Enchantment Resort,Luxury Resort,,Strong Contender,2026-05-24,Sedona #1; strong contender but not finalist.,,,,,,Likely; verify,,,,,,,,,FLG / PHX,45-120,,,,,,Y,,Y,Y,,Y,Y,,,,,,,,,,,,Sedona red rocks,,,,,,,,,,,,,,,,,,
Sedona, Arizona,Poco Diablo Resort,Resort,,Candidate,2026-05-24,Sedona #2.,,,,,,Likely; verify,,,,,,,,,FLG / PHX,45-120,,,,,,Y,,Y,Y,,Y,Y,,,,,,,,,,,,Sedona red rocks,,,,,,,,,,,,,,,,,,
Sedona, Arizona,Sedona Nearby Vacation Homes,Rental Cluster Strategy,,Candidate,2026-05-24,Sedona #3.,,,,,,Varies; verify,,,,,,,,,FLG / PHX,45-120,,,,,,,,Y,,,,,,,,,,,,,Sedona red rocks,,,,,,,,,,,,,,,,,,
Moab, Utah,Slick Rock Lodge,Large Lodge / Vacation Rental,,Second Tier,2026-05-24,Moab #1; area not finalist.,,,,,,Likely; verify,,,,,,,,,CNY / GJT / SLC,20-240,,,,,,,,Y,,,,,,,,,,,,Y,Arches & Canyonlands,,,,,,,,,,,,,,,,,,
Moab, Utah,Whispering Oaks Ranch,Ranch / Cabins,,Second Tier,2026-05-24,Moab #2; area not finalist.,,,,,,,,,,,,,,,,CNY / GJT / SLC,20-240,,,,,,,,Y,,,,,,,,,,,,,Moab / La Sal Mountains,,,,,,,,,,,,,,,,,,
Moab, Utah,Desert Vista Retreat,Retreat / Vacation Rental,,Second Tier,2026-05-24,Moab #3; area not finalist.,,,,,,Likely; verify,,,,,,,,,CNY / GJT / SLC,20-240,,,,,,,,Y,,,,,,,,,,,,Y,Arches & Canyonlands,,,,,,,,,,,,,,,,,,
Hood River / Columbia Gorge, Oregon/Washington,Skamania Lodge,Lodge Resort,,Finalist Candidate,2026-05-24,Hood River #1 / best overall choice.,,,,,,Likely; verify,,,,,,,,,PDX,45-60,,,,,,Y,,Y,Y,,Y,Y,,,,,,,,,,,,Columbia River Gorge,,,,,,,,,,,,,,,,,,
Hood River / Columbia Gorge, Oregon/Washington,Hood River Inn,Riverfront Hotel,,Candidate,2026-05-24,Hood River #2.,,,,,,Likely; verify,,,,,,,,,PDX,60-75,,,,,,Y,Y,Y,,,Y,,,,,,,,,,,,Columbia River Gorge,,,,,,,,,,,,,,,,,,
Hood River / Columbia Gorge, Oregon/Washington,Columbia Gorge Hotel & Spa,Historic Hotel,,Candidate,2026-05-24,Hood River #3.,,,,,,Likely; verify,,,,,,,,,PDX,60-75,,,,,,,,Y,,,Y,,,,,,,,,,,,Columbia River Gorge,,,,,,,,,,,,,,,,,,
Lake Chelan, Washington,Campbell's Resort,Lake Resort,,Finalist,2026-05-24,Lake Chelan primary/best practical property; 170+ rooms; private beach and event facilities.,,,170+ rooms,,,Likely; verify,,,,,,,,,EAT / SEA / GEG,60-240,,,,,,Y,Y,,Y,,Y,Y,,,,,,,,,,,,Lake Chelan,,,,,,,,,,,,,,,,,,
Lake Chelan, Washington,Lakeside Lodge and Suites,Hotel / Suites,,Candidate,2026-05-24,Lake Chelan candidate.,,,,,,Likely; verify,,,,,,,,,EAT / SEA / GEG,60-240,,,,,,Y,Y,,,,Y,,,,,,,,,,,,Lake Chelan,,,,,,,,,,,,,,,,,,
Lake Chelan, Washington,Lake Chelan Large Luxury Vacation Home Portfolio,Rental Cluster Strategy,,Candidate,2026-05-24,Lake Chelan multi-home strategy around Manson/Wapato Point/South Shore.,,,,,,Varies; verify,,,,,,,,,EAT / SEA / GEG,60-240,,,,,,,,Y,,,,,,,,,,,,,Lake Chelan,,,,,,,,,,,,,,,,,,
Bozeman / Gallatin Valley, Montana,Large Private Ranch Estates,Ranch Estate Strategy,,Finalist Candidate,2026-05-24,Bozeman #1; upper-tier finalist.,,,,,,Varies; verify,,,,,,,,,BZN,20-60,,,,,,,,Y,,,,,,,,,,,,,Gallatin Valley,,,,,,,,,,,,,,,,,,
Bozeman / Big Sky, Montana,Lone Mountain Ranch,Guest Ranch,,Candidate,2026-05-24,Bozeman #2; also Big Sky candidate.,,,,,,,,,,,,,,,,BZN,60-75,,,,,,Y,,Y,Y,,Y,Y,,,,,,,,,Y,Lone Mountain / Yellowstone gateway,,,,,,,,,,,,,,,,,,
Bozeman / Big Sky, Montana,320 Guest Ranch,Guest Ranch,,Candidate,2026-05-24,Bozeman #3.,,,,,,,,,,,,,,,,BZN,60-75,,,,,,Y,Y,Y,Y,,Y,Y,,,,,,,,,Y,Gallatin River / Yellowstone gateway,,,,,,,,,,,,,,,,,,
Bozeman / Gallatin Valley, Montana,Gallatin River Lodge,Lodge,,Candidate,2026-05-24,Bozeman #4.,,,,,,Likely; verify,,,,,,,,,BZN,20,,,,,,,,Y,,,Y,,,,,,,,,,,,Gallatin River,,,,,,,,,,,,,,,,,,
Stowe, Vermont,von Trapp Family Lodge & Resort,Mountain Resort,,Candidate,2026-05-24,Stowe #1.,,,,,,Likely; verify,,,,,,,,,BTV,45,,,,,,Y,,Y,Y,,Y,Y,,,,,,,,,,,,Stowe / Green Mountains,,,,,,,,,,,,,,,,,,
Stowe, Vermont,The Lodge at Spruce Peak,Mountain Resort,,Candidate,2026-05-24,Stowe candidate.,,,,,,Likely; verify,,,,,,,,,BTV,45,,,,,,Y,,Y,Y,,Y,Y,,,,,,,,,,,,Stowe / Green Mountains,,,,,,,,,,,,,,,,,,
Stowe, Vermont,Topnotch Resort,Resort,,Candidate,2026-05-24,Stowe candidate.,,,,,,Likely; verify,,,,,,,,,BTV,45,,,,,,Y,,Y,,,Y,,,,,,,,,,,,Stowe / Green Mountains,,,,,,,,,,,,,,,,,,
Stowe, Vermont,Edson Hill,Inn / Estate,,Candidate,2026-05-24,Stowe candidate.,,,,,,Likely; verify,,,,,,,,,BTV,45,,,,,,Y,,Y,,,Y,,,,,,,,,,,,Stowe / Green Mountains,,,,,,,,,,,,,,,,,,
Sebago Lake / Southern Maine,Migis Lodge,Lake Lodge / Resort,,Candidate,2026-05-24,Maine/Sebago key property; Maine best option was Sebago Lake.,,,,,,Likely; verify,,,,,,,,,PWM,45-60,,,,,,Y,Y,,Y,,Y,Y,,,,,,,,,,,,Sebago Lake,,,,,,,,,,,,,,,,,,
Sebago Lake / Southern Maine,Point Sebago Resort,Lake Resort / Campground,,Candidate,2026-05-24,Maine/Sebago key property.,,,,,,Likely; verify,,,,,,,,,PWM,45-60,,,,,,Y,Y,,Y,,Y,Y,,,,,,,,,,,,Sebago Lake,,,,,,,,,,,,,,,,,,
Moosehead Lake, Maine,Moosehead Lake Resort / Lodge Strategy,Lake Lodge / Rental Strategy,,Candidate,2026-05-24,Maine #2 area; objective property detail not recovered.,,,,,,Likely; verify,,,,,,,,,BGR / PWM,90-180,,,,,,,,Y,,,,,,,,,,,,,Moosehead Lake,,,,,,,,,,,,,,,,,,
Bethel, Maine,Sunday River / Bethel Resort Strategy,Mountain Resort / Rental Strategy,,Candidate,2026-05-24,Maine #3 area; objective property detail not recovered.,,,,,,Likely; verify,,,,,,,,,PWM / BGR,90-120,,,,,,Y,,Y,Y,,Y,Y,,,,,,,,,,,,Sunday River / Bethel,,,,,,,,,,,,,,,,,,
